Category,Shop SKU,Product name,EAN 13,Article description,Brand,Main image
category,shop_sku,articleShortTitle,barcode,articleLongDescription,brandKey,ProductImage-1
Pet products/Arachnid/Accessories,GHUIWERHG-25,"LEBENLANG Nettoyant vapeur électriques a main - 3,5 Bar & 1000W I 12x accessoires I Steam Cleaner multifonctions I Nettoyeur vaporisateur Nettoyeurs vaporetto Appareil à nettoyage Laveur machine",0740625483351,"À propos de cet article
💦 GANTS DE PROTECTION CHAUD & PERFORMANCE : Nettoyant vapeur manuel prêt à l'emploi en 3 à 5 minutes grâce à une puissance de 1000W - Nettoyeur vapeur haute pression manuel avec 3,5 bars super efficace contre tout type de saleté, par ex. nettoyer vitre vapeur pour douche & salle de bain, mur et plafond
💨 ANTI-VIRUS & BACTÉRIES : Avec le nettoyage vapeur sèche, nettoyez naturellement en profondeur avec de l'eau sans produits chimiques - Grâce à la vapeur à 130°C, tous les virus et bactéries sont détruits en toute sécurité - Nettoyeur vapeur pour joints idéal pour la maison
💨 12x ACCESSOIRES : Nettoyeur vapeur joint carrelage à air chaud entièrement équipé - Incl. gant de protection contre la chaleur, brosse en acier, brosse en nylon, raclette à vitres, chiffon microfibre, suceur d'angle, suceur à jet ponctuel, embout pour meubles rembourrés, entonnoir, gobelet gradué portable
💨 FLEXIBLE D'UTILISATION : Appareil a vapeur pour nettoyer polyvalent, par ex. pour les textiles : canapé, matelas, siège de voiture, petit tapis | Canard à vapeur contre l'entartrage, par ex. nettoyeur à vapeur pour salle de bain, cuisine, appareil de nettoyage de carrelage |Salissures tenaces : nettoyeur à vapeur pour le nettoyage des vitres , jantes, vélo, sol, nettoyeur à vapeur joints & canapé / meubles rembourrés
💦 CAPACITÉ 300ml : Nettoyeur vapeur seche chaude mais sans bras fatigués - le portatif réservoir de 300ml est facile à remplir et à transporter, mais peut être posé pendant l'utilisation - Handheld steamer cleaner avec jusqu'à 15 minutes en fonctionnement continu",001 INTERNATIONAL,https://m.media-amazon.com/images/I/81-TBtEHSqL._AC_SX679_.jpg
Pet products/Arachnid/Accessories,GHUIWERHG-26,LEBENLANG Mousseur à lait électrique en verre - 100% sans BPA comprend fouet de rechange & 4 modes mousseur lait I Mixeur lait mousse Machine I pour faire de la mousse de lait milk frother,0740625483368,"À propos de cet article
☕ VUE CLAIRE - Le nouveau rêve de mousseur a lait electrique de LEBENLANG dans un design en verre de haute qualité est particulièrement chic et se nettoie facilement grâce à la surface hygiénique du verre et les bactéries n'adhèrent pas si facilement
☕ 4 MODI - Deux possibilités pour réchauffer avec de la mousse, faire mousser du lait froid ou réchauffer sans aucune mousse - Répond à tous les souhaits de boissons d'un mousseur de lait
☕ AVEC un mousseur de rechange - Chaque mousser le lait est livré avec un fouet à mousse supplémentaire gratuit - Ainsi, vous n'avez pas à vous soucier d'un remplacement si vous perdez ou endommagez le premier fouet à mousse du Milk Twister
☕ SUPER RAPIDE - Seulement 1 à 2 minutes pour obtenir le résultat souhaité ! Si vous avez besoin de plus de tasses, un deuxième cycle peut être immédiatement lancé | Notre vainqueur absolu des tests de l'équipe Lebenlang!
☕ RÉSULTAT SANS DIMENSION - Lait traditionnel ou végétalien, chaud ou froid, café ou cacao - notre machine a lait est conçu pour fournir toujours le meilleur résultat",001 INTERNATIONAL,https://m.media-amazon.com/images/I/71qB9aFKwjL._AC_SX679_.jpg
Pet products/Arachnid/Accessories,GHUIWERHG-27,LEBENLANG Moulin électrique sel et poivre rechargeable - Batterie - Poivrière et moulin pour gros sel,0740625483375,"À propos de cet article
✅ ÉCONOMISEZ DE L'ARGENT SANS CHANGEMENT DE PILES FASTIDIEUX : Ensemble de salières et poivrières électriques au design en acier inoxydable avec une batterie lithium-ion puissante | Branchez simplement le câble USB-C à la station et le moulin à poivre électrique se chargera automatiquement
🧂 MÉCANISME DE BROYAGE EN CÉRAMIQUE PRÉCIS : Réglage exact du moulin à poivre électrique pour éviter les gros grains de sel et de poivre gênants sur la nourriture | Moulin à épices électrique avec une lumière LED pour le dosage le plus précis
🧑‍🍳 UTILISATION & NETTOYAGE INTUITIFS : Le set de moulins à sel et poivre électriques broie puissamment d'une simple pression sur un bouton | La surface en acier inoxydable assure une prise en main sûre | Le pinceau de nettoyage et la cuillère fournis facilitent le nettoyage et le remplissage
📦 ENSEMBLE COMPLET : Moulin à poivre et sel électrique LEBENLANG inclus avec station de base détachable pour un nettoyage facile, câble USB-C et pinceau de nettoyage + cuillère de remplissage, pour que vous puissiez commencer immédiatement à utiliser votre ensemble de moulins à sel et poivre
🎁 IDÉES CADEAUX PARFAITES : Grâce à un emballage et une apparence de haute qualité, idéal comme cadeau de Noël et du Nouvel An - Que ce soit pour un chef ou un amateur d'épices, notre moulin à poivre et sel électrique est un accessoire de cuisine parfait pour 2024",001 INTERNATIONAL,https://m.media-amazon.com/images/I/71-3oD2r9oL._AC_SX679_.jpg
Pet products/Arachnid/Accessories,GHUIWERHG-28,"LEBENLANG Bouilloire electriqueen acier inoxydable Réglage de la température - 1,7 litre & 2200W Silencieux indicateur de température & fonction maintien au chaud | Rétro sans plastique",0740625483382,"À propos de cet article
💧 RÉGLAGE DE LA TEMPÉRATURE: le bouton rotatif permet de sélectionner facilement la température entre 40° et 100°.
💧 FONCTION MAINTIEN AU CHAUD: maintenez la température choisie pour les 2 heures suivantes.
💧 BOITIER EN ACIER INOXYDABLE: L'ensemble de la bouilloire est fabriqué en acier inoxydable durable et de haute qualité.
💧 PLUS DE FONCTIONNEMENTS: Testée GS, écran LCD, 2200 watts, capacité de 1700 ml, filtre anticalcaire, base 360°, poignée antidérapante, indicateur de niveau de remplissage.
🍼 ALIMENTATION DE BÉBÉ: sans BPA et à 40°, idéal pour la préparation du lait de bébé - plus besoin de mélanger ou de trouver la bonne température.",001 INTERNATIONAL,https://m.media-amazon.com/images/I/617E-N1YgpL._AC_SY879_.jpg
Pet products/Arachnid/Accessories,GHUIWERHG-29,LEBENLANG Premium 1200W Mixeur plongeant acier inoxydable - Avec gobelet gradué 1000ml & protection anti-éclaboussures I Réglable en continu & Turbo I Mixer plongeur blender Mixeurs soupe Hand blender,0740625483399,"À propos de cet article
✅ LEBENLANG PREMIUM LINE & SUPPORT : Une mixeurs plongeants optimisée & une qualité premium caractérisent les produits exclusifs de cette ligne I Emballage cadeau noble inclus I En outre, support premium garanti par notre service client allemand pour toutes les questions & demandes
✅ DESIGN ÉLECTRIQUE & ENTRAÎNEMENT PUISSANT : Le mixer cuisine plongeant professionnel 1200w de LEBENLANG assure des résultats de mixeur ultrafins grâce à la technologie améliorée Two-Blade Technology, aux lames en acier inoxydable particulièrement tranchantes & à la tige de mixage amovible en acier inoxydable I Vainqueur absolu du test bras miceur electriquer en acier inoxydable de l'équipe LEBENLANG
✅ POLYVALENT AVEC BOUTEIL DE MESURE 1000ML : Choisir la recette, prendre le immersion blender et le bol de mesure/mélange et réduire en purée I Aucun pied mixeur plongeant n'est nécessaire I Préparer des soupes, des sauces, des smoothies, des aliments pour bébés ou des confitures a rarement été aussi simple
✅ INNOVATION ERGO SLIDE & MODE TURBO : Mixeur a main presse puree magique s'adapte idéalement à vos besoins grâce à la vitesse réglable en continu (6 modes) avec la technique innovante Ergo Slide I Grâce à la deuxième touche Turbo, le presse-purée réussit même les tâches les plus difficiles comme les noix, la viande ou les fruits congelés
✅ FACILE À NETTOYER : Utilisation flexible grâce au câble de 1,2 mètre de long du mixer robot plongeur professionnel legumes I Le mixeur presse-purée électrique en acier inoxydable avec hachoir électrique peut être lavé au lave-vaisselle",001 INTERNATIONAL,https://m.media-amazon.com/images/I/71WzCEdCgHL._AC_SX679_.jpg
Pet products/Arachnid/Accessories,GHUIWERHG-30,"LEBENLANG Premium Rasoir Anti bouloche Rechargeable 4000mAh - 5 Modes & 3,5h d'autonomie I INCL. Lampe de Poche & Ecran LED I Anti-bouloche Vetement Enlever Peluche Vetement Anti-Bouloches Appareil",0740625483405,"À propos de cet article
✅ LEBENLANG PREMIUM LINE & SUPPORT : Rasoir anti bouloche optimisée & une qualité premium caractérisent les produits exclusifs de cette ligne I Emballage cadeau noble inclus I En outre, support premium garanti par notre service client allemand pour toutes les questions & demandes
✅ AFFICHAGE LED & LAMPE DE POCHE : Le eliminateur de peluche électrique LEBENLANG à 5 modes affiche non seulement le nombre de tours/min, l'état de la batterie et les modes, mais permet également de se débarrasser des peluches dans l'obscurité - Le bouloche appareil électrique est particulièrement utile dans les endroits peu éclairés
✅ LAMES FINES & PUISSANCE D'ASPIRATION FORTE : Rasoir bouloche pull vetement jusqu'à 7500 tr/min & 6 lames ultra-fines pour un résultat optimal à tout moment, qu'il s'agisse de poudre de laine, de canapé ou de tapis I Le appareil pour enlever les bouloches particulièrement rapide fait gagner du temps grâce à sa grande tête de coupe de 6,5 cm de diamètre
✅ BATTERIE PUISSANTE & LONGUE DUREE : Le rasoir bouloche vetement vetement avec une batterie puissante de 4000mAh Li-Ion permet jusqu'à 3,5h d'autonomie et peut donc être utilisé sans problème pour rase bouloche l'un après l'autre ou de grandes surfaces à la fois I Câble de chargement USB-C inclus I Vainqueur absolu du test de rasoirs anti-peluches de l'équipe LEBENLANG
✅ ÉLIMINER LES POUSSIÈRES EN TOUTE SÉCURITÉ, SANS TROUBLER : Le appareil anti bouloche lint remover LEBENLANG Premium réduit le risque de trous dans les vêtements grâce à un entraînement amélioré et des lames plus tranchantes I Coupe bouloche vêtements for Clothes & Pilling Rasoir particulièrement facile à entretenir et à nettoyer grâce au kit de nettoyage Incl",001 INTERNATIONAL,https://m.media-amazon.com/images/I/817ZSiTOlXL._AC_SX679_.jpg
Pet products/Arachnid/Accessories,GHUIWERHG-31,LEBENLANG Appareil à croque-monsieur 3 en 1 - 750 W - Avec minuterie et inserts pour sandwich et gaufres - Appareil à croque-monsieur et gaufres - Gaufrier - Appareil à croque-monsieur et paninit,0740625483412,"À propos de cet article
Polyvalence multifonction 3 en 1 : la machine à sandwich LEBENLANG 3 en 1 combine trois appareils en un : insert sandwich pour des toasts farcis croustillants, insert gaufré pour gaufres de petit-déjeuner et insert de barbecue pour paninis – Il suffit d'insérer les ingrédients, de fermer le couvercle, de régler le temps et de profiter
Rapide et polyvalent : grâce à sa puissance de 750 W, la machine à croque-monsieur est chauffée en quelques minutes – Les sandwichs remplis sont en environ 4 à 6 minutes prêtes, gaufres et paninis en 6 à 8 minutes – Ainsi, les collations sont réussies rapidement et de manière fiable
Design compact et fermeture stable : avec des dimensions de 23,9 × 23 × 12,2 cm, un poids de 2,6 kg et un poids d'environ Câble de 90 cm de long, le grille-pain Sanwich Maker s'adapte parfaitement à toutes les cuisines - La fermeture solide du couvercle comprime les tranches de pain uniformément et assure des résultats croustillants et parfaitement dorés
Minuterie et sécurité automatique : contrairement à de nombreux autres simples sandwichs, notre appareil à croque-monsieur 3 en 1 offre une minuterie de 1 à 15 minutes avec arrêt automatique – vous avez ainsi un contrôle total, évitez les collations brûlées et utilisez l'appareil en toute sécurité même sans surveillance
Nettoyage facile et hygiénique : les inserts amovibles antiadhésifs peuvent être essuyés avec un chiffon humide après utilisation ou facilement nettoyés au lave-vaisselle – Ainsi, le gaufrier 3 en 1 reste hygiénique et prêt à l'emploi",001 INTERNATIONAL,https://m.media-amazon.com/images/I/81o7QaOW3HL._AC_SX679_.jpg
Pet products/Arachnid/Accessories,GHUIWERHG-32,LEBENLANG Steamer Défroisseur vapeur de voyage – Compact et pliable avec kit de voyage I Fer à vapeur pour défroisser la vapeur en vacances I Mini Garment Steamer à main Steam Fer à vapeur portable,0740625483429,"À propos de cet article
LEBENLANG Défroisseur vapeur de voyage rose",001 INTERNATIONAL,https://m.media-amazon.com/images/I/71vXRIQngSL._AC_SX679_.jpg
Pet products/Arachnid/Accessories,GHUIWERHG-33,"Cobus 27"" AntiSpy Filtres d'écran anti espion pour moniteur | Filtre de confidentialité ordinateur moniteur | Filtre de confidentialité autocollant | Film de protection visuelle pour moniteur",0740625483436,"À propos de cet article
PROTECTION ANTI-REGARD : Idéale pour les travaux avec des données sensibles dans des espaces publics - La sphère privée a pris une importance particulière depuis que le RGPD est entré en vigueur - Protection anti espion absolue dès 30° - avec une image absolument impeccable en face de l’ordinateur
FIXATION : Fixation de simplicité enfantine du film de protection visuelle, soit grâce au support autocollant sur le cadre de l’écran ou collé directement sur l’écran (se retire sans laisser de traces)
PROTECTION VISUELLE D’ÉCRAN : Protection supplémentaire en tant cache écran contre les rayures, la poussière, les empreintes digitales ou les éclaboussures, sert également de protection des yeux + possibilité de nettoyer le film à l’eau courante sans aucun problème
TAILLES DIFFÉRENTES : Disponible comme accessoire pour tous les modèles d’écran courants - compatible avec Dell, Lenovo,Samsung, I-Mac - choisissez simplement la taille en pouces | 20,1 | 21,5 | 22 | 23,6 | 24 | 27 | 29 | 16:9 | 16:10 | 21:9
SERVICE CLIENTÈLE & FACTURES : En cas de questions ou problèmes concernant le film de protection d’écran, vous pouvez contacter notre service client compétent et cordial 24h/24 - Les factures sont automatiquement établies avec la TVA applicable
› Voir plus de détails",001 INTERNATIONAL,https://m.media-amazon.com/images/I/51VCu2IeKBL._AC_SX679_.jpg
Pet products/Arachnid/Accessories,GHUIWERHG-34,LEBENLANG Defroisseur Vapeur 1500W - 25g/min & Réservoir 300ml I Fer à Repasser de Voyage avec Gant I Défroisseur Vapeur Vertical Repassage Vapeur Vertical Steamer Portable,0740625483443,"À propos de cet article
👔 Steam Puissant: Chauffage rapide en moins de 40s avec Steam Genie Noir et steam iron de 1500W - Ce hand steamer clothes est parfait pour un débit de vapeur jusqu à 25g/min - idéal comme fer a repasser vapeur vertical et defroisseur main pour la maison et le bureau
👔 Longue Autonomie: Defroisseur a main avec un réservoir de 300ml pour un repassage efficace - Surpasse les steamer defroisseur vapeur professionnel et repasseur vapeur en autonomie, parfait pour défroisser vapeur en voyage
👔 Beaucoup d'accessoires: Comprend un gant et deux brosses pour ce fer a vapeur defroisseur, faisant de ce defroisseur voyage l'outil idéal pour toutes sortes de tissus - Un defroiseur pratique sans besoin de planche à repasser
👔 Défroisseur vapeur Écran LCD: Sélection facile des modes ECO et POWER pour ce stream one. Un defeoisseur avec un câble de 2,5m pour une expérience de repassage steam it comfortable
👔 Hygiénique: Rafraîchit vos vêtements de manière hygiénique en éliminant 99,9% des bactéries. Ce defroisseur main est parfait pour vos voyages, agissant comme un defroisseur voyage efficace",001 INTERNATIONAL,https://m.media-amazon.com/images/I/61pao-aCc+L._AC_SX679_.jpg
Pet products/Arachnid/Accessories,GHUIWERHG-35,"LEBENLANG thermos café 2,5 litre - 24h au chaud Incl. gobelet, passoire à thé & sangle de transport I Bouteille isotherme inox I Termos cafe Bouteilles isothermes Termo Termosse",0740625483450,"À propos de cet article
✅ ACCESSOIRES UTILES INCLUS : la thermos isotherme avec fond antidérapant comprend non seulement un couvercle pratique qui peut être utilisé comme tasse, mais aussi une bandoulière et une passoire à thé. Pratique au travail, en randonnée, en voyage ou en camping
✅ CONCEPTION ÉTANCHE ET NETTOYAGE FACILE : le bouchon à pression en acier inoxydable sûr et hygiénique avec joint en caoutchouc empêche la thermos cafe isotherme de fuir. Grâce à sa large ouverture de 7 cm, la bouteille thermos se nettoie intuitivement à la main
✅ CONSERVATION DE LA CHALEUR ET DU FROID DURABLE : La thermos café isotherme avec paroi intérieure isolante en acier inoxydable permet de conserver les boissons chaudes ou froides jusqu'à 24 heures | Thermos inox parfaite pour le thé, le café ou les rafraîchissements froids lors de vos déplacements
✅ MATÉRIAUX SÛRS ET GOÛT AUTHENTIQUE : la paroi intérieure en acier inoxydable sans BPA garantit un goût pur, sans résidus chimiques ni odeurs indésirables. La bouteille isotherme thermos est particulièrement hygiénique grâce à son couvercle verseur en acier inoxydable entièrement démontable
✅ CONCEPTION ROBUSTE ET STABLE : la bouteille thermos isotherme est relativement légère et portable avec une poignée rabattable et un poids de seulement 1350 g | Transport confortable grâce à une bandoulière de 130 cm I La bouteille thermos isotherme se glissent facilement dans les sacs à dos et les sacs normaux",001 INTERNATIONAL,https://m.media-amazon.com/images/I/81nWJoFuZUL._AC_SX679_.jpg
Pet products/Arachnid/Accessories,GHUIWERHG-36,LEBENLANG Mixeur plongeant 1200W Acier inoxydable - Gobelet doseur 800ml & protection anti-éclaboussures I Réglable en continu & Turbo I Blender mixeur Mixer plongeur cuisine Mixeurs plongeants soupe,0740625483467,"À propos de cet article
✅ HAUTE QUALITÉ & PUISSANCE : Le mixeur plongeant électrique 1200 watts de LEBENLANG garantit des résultats de purée ultrafins grâce à la technologie Two-Blade améliorée, aux lames en acier inoxydable particulièrement tranchantes + à la tige à purée amovible en acier inoxydable & à l'entraînement puissant
✅ POLYVALENT AVEC BOUTEILLE DE MESURE : Choisir la recette, prendre le mixeur plongeant professionnel & le gobelet gradué de 800 ml et réduire en purée I Aucun autre ustensile de cuisine n'est nécessaire I Préparer des soupes, des sauces, des smoothies, des aliments pour bébés ou des confitures a rarement été aussi simple
✅ 15 SPEED MODE & 2 TOUCHES SOLUTION : la vitesse réglable en continu de la bras mixeur plongeant permet de l'adapter idéalement à vos besoins I Grâce à la deuxième touche turbo, le presse-purée réussit même les tâches les plus difficiles comme les noix, la viande ou les fruits congelés
✅ PROTECTION CONTRE LES ÉCLAIRS & NETTOYAGE FACILE : Le cône anti-éclaboussures empêche les taches et les éclaboussures de manière beaucoup plus efficace que les autres hand blender et se nettoie facilement au lave-vaisselle grâce à sa finition en acier inoxydable de haute qualité
✅ DONNÉES : Mixeur electrique multifonction lavable au lave-vaisselle 1200W électrique avec gobelet doseur de 800ml I 1 mètre de câble & réglage en continu I 0.9Kg poids de l'article I Environ 80db volume sonore de fonctionnement I Mixeur à purée & gobelet doseur 100%",001 INTERNATIONAL,https://m.media-amazon.com/images/I/71RBJlgHyBL._AC_SX679_.jpg
Pet products/Arachnid/Accessories,GHUIWERHG-37,LEBENLANG Mixeur plongeant 1000W acier inoxydable - Avec stick blender et 8 niveaux plus turbo I Mixer plongeur de haute qualité I Bol mixeur plongeant I Blender portable I Mixeur a soupe pied mixeur,0740625483474,"À propos de cet article
🧑‍🍳 PUISSANT: les mixeurs plongeants électrique 1000 watts de LEBENLANG assure des résultats de purée très fins grâce à sa technologie Two-Blade améliorée et à ses lames particulièrement tranchantes hand mixer
🧑‍🍳 VITESSE MULTI: grâce à huit niveaux de vitesse réglables individuellement et au mode turbo, le mixeur plongeur vient à bout des tâches les plus difficiles comme les noix, la viande ou les fruits congelés
🧑‍🍳 MULTIFONCTIONNEL: Choisir une recette, prendre le mixeur plongeant inox et réduire en purée dans le bol à purée fourni - Préparer des soupes, des sauces, des smoothies mixer plongeur soupe
🧑‍🍳 PROTECTION CONTRE LES TACHES & NETTOYAGE FACILE: Grâce à son cône spécialement conçu, le electric mixer empêche les taches de manière beaucoup plus efficace que les autres mixeurs purificateurs grâce à sa finition mixeur inox de haute qualité
🧑‍🍳 DATES: LEBENLANG girafe mixeur lavable au lave-vaisselle 1000W électrique, 0.8 mètres de câble, 0.9Kg poids de l'article, env. 80db volume de fonctionnement, Sans BPA",001 INTERNATIONAL,https://m.media-amazon.com/images/I/715YytfrkiL._AC_SX679_.jpg
Pet products/Arachnid/Accessories,GHUIWERHG-38,LEBENLANG Moulin a poivre electrique Set - Capteur d'inclinaison & Rechargeable I Moulin à poivre automatique I Salieres et poivrieres electrique I Salière sel poivrieres moulin à poivrière électrique,0740625483481,"À propos de cet article
✅ ÉCONOMIE D'ARGENT SANS CHANGER DE BATTERIE : Ensemble de moulin a poivre electrique en acier inoxydable et verre avec batterie lithium-ion puissante | Branchez simplement le câble USB C à la station et les poivrier electrique se rechargent automatiquement
✅ CAPTEUR D'INCLINAISON & NETTOYAGE INTUITIF : Moulin sel poivre electrique et à sel électronique avec fonction Sensor Grind - Moule automatiquement dès qu'il est incliné à la verticale - Particulièrement simple et pratique I Pinceau et cuillère de nettoyage fournis pour un nettoyage et un remplissage faciles
✅ MOULIN CÉRAMIQUE PRÉCIS : Le réglage précis du moulin à poivre électrique et à poivre électrique évite les gros grains de sel et de poivre agaçants sur les aliments | Moulin poivre electrique à épices rechargeable électriquement avec une aide supplémentaire grâce à une lampe LED claire pour le dosage le plus précis possible
✅ SET COMPLET : LEBENLANG Salière electrique électrique avec station de base séparable pour un nettoyage facile, câble USB-C & pinceau de nettoyage + cuillère de remplissage, de sorte que vous pouvez immédiatement commencer à remplir et à utiliser votre kit moulin à poivriere electrique électrique
✅ CADEAU PARFAIT : Grâce à son emballage et son aspect de haute qualité, ce saliere et poivriere electrique est un cadeau idéal pour Noël, pour les hommes ou pour les mamans - Que ce soit pour les chefs ou les amateurs d'épices, notre salière et poivrière electrique est un accessoire de cuisine universel et parfait",001 INTERNATIONAL,https://m.media-amazon.com/images/I/71NPn5RhFgL._AC_SX679_.jpg
Pet products/Arachnid/Accessories,GHUIWERHG-39,LEBENLANG 5L Coffre fort code - Aec pochette anti feu pour documents & a clef de secours I Accessoires de coffres-forts pour la maison avec serrure à combinaison I Coffre-fort mural Petit Cofre fort,0740625483498,"À propos de cet article
✅ SÉCURITÉ POUR VOTRE MAISON : La coffre fort code à combinaison du coffre-fort en acier avec double système de verrouillage à 2 pênes protège vos objets de valeur en toute sécurité contre le vol et peut être solidement ancrée dans le mur grâce aux chevilles et vis fournies I Peut être déverrouillée soit en entrant un code, soit, si nécessaire, avec une clé d'urgence
✅ COMPREND DES ACCESSOIRES UTILES : Le coffres-forts et accessoires de coffre-fort pour la maison armoire est non seulement fourni avec les deux clés d'urgence nécessaires, les vis & chevilles, mais contient également une pochette ignifuge pour vos documents, votre argent liquide ou vos bijoux ainsi que les piles nécessaires au fonctionnement
✅ DEUX POSSIBILITÉS DE RANGEMENT : Le petit coffre fort peut être placé discrètement sur un bureau, une armoire ou une table de chevet grâce à sa taille compacte de 23x17cm, mais peut également être utilisé suspendu comme coffre fort mural pour un accès plus facile à la maison I Convient également comme trézor pour les camping-cars.
✅ UNE UTILISATION POLYVALENTE : Malgré sa taille compacte, le petit coffre fort a code convient à une variété d'objets différents, par exemple des bijoux, comme coffre a clef, passeports, contrats, documents de véhicule ou certificats de naissance et offre une protection sûre contre les cambrioleurs ou les voleurs en cas d'urgence
✅ DATA : Petit coffre-fort en acier LEBENLANG I Double verrouillage sécurisé à 2 pênes I Pochette ignifugée pour documents, 2 clés de secours, vis et chevilles incluses I Fonctionnement sur piles avec 4 piles AA I Fonction de verrouillage en cas de saisie incorrecte du code I Catégorie : Coffres-forts pour la maison
› Voir plus de détails",001 INTERNATIONAL,https://m.media-amazon.com/images/I/81jfJQvYWjL._AC_SX679_.jpg
Pet products/Arachnid/Accessories,GHUIWERHG-40,"17.3"" AntiSpy Cache ecran pour ordinateur portable | Filtre de confidentialité ordinateur portable | Autocollant ecran anti espion autocollant | Film de protection visuelle pour ordinateur portable",0740625483504,"💻 PROTECTION ANTI-REGARD : Idéale pour les travaux avec des données sensibles dans des espaces publics - La sphère privée a pris une importance particulière depuis que le RGPD est entré en vigueur - Protection anti-regard absolue dès 30° - avec une image absolument impeccable en face de l’ordinateur
💻 FIXATION : Fixation de simplicité enfantine du film de protection visuelle, soit grâce au support autocollant sur le cadre de l’écran ou collé directement sur l’écran (se retire sans laisser de traces)
💻 PROTECTION VISUELLE D’ÉCRAN : Protection supplémentaire en tant que film de protection d’écran contre les rayures, la poussière, les empreintes digitales ou les éclaboussures, sert également de protection des yeux + possibilité de nettoyer le film à l’eau courante sans aucun problème
💻 TAILLES DIFFÉRENTES : Disponible comme accessoire pour tous les modèles d’écran et d’ordinateur portable courants - également compatible avec des laptops Lenovo, Asus, HP, Dell et mircrosoft pro 4 - choisissez simplement la taille en pouces (11,6 12,5 13,3 14 15,6 pouces)
💻 SERVICE CLIENTÈLE & FACTURES : En cas de questions ou problèmes concernant le film de protection d’écran, vous pouvez contacter notre service client compétent et cordial 24h/24 - Les factures sont automatiquement établies avec la TVA applicable
› Voir plus de détails",001 INTERNATIONAL,https://m.media-amazon.com/images/I/419kQ-inBuL._AC_.jpg
Pet products/Arachnid/Accessories,GHUIWERHG-41,Egouttoir Vaisselle sur evier - 42x32cm I Inoxydable avec Porte-Couverts I Egoutoire Vaisselle Cuisine Noir I Rangement Dish Drainer Dessus I Égouttoirs à seche Vaisselle Petit Rack sechoir,0740625483511,"À propos de cet article
✅ 3 EN 1 AIDE DE CUISINE : Le set egouttoir vaisselle sur evier se compose d'un égouttoir en métal (inoxydable), d'un porte-couverts en ABS et d'un bac de récupération avec pieds antidérapants - évite l'essuyage fastidieux et vous donne plus de temps pour les choses importantes
✅ GAIN D'ESPACE & PRATIQUE : Organisateur de égouttoir à vaisselle aux dimensions compactes de 42 x 32 cm ne prend presque pas de place dans la cuisine, mais offre suffisamment de place pour jusqu'à 10 assiettes, 6 tasses et des couverts supplémentaires
✅ INROUVABLE & STABLE : Notre etendoir vaisselle est fabriqué en métal de haute qualité & ne laisse aucune chance à la rouille - Le bac de récupération en ABS recueille l'eau en excès de manière fiable et ne glisse pas grâce aux pieds antidérapants
✅ DESIGN DE HAUTE QUALITÉ : Sèche vaisselle évier Support de vaisselle au design élégant en métal noir mat s'intègre parfaitement dans toutes les cuisines - Égouttoir à vaisselle sur évier comme accessoire de cuisine utile & organisateur de cuisine à domicile avec emballage en papier pur sans plastique
✅ DONNÉES : Séchoir vaisselle 42x32cm pour jusqu'à 6 assiettes & 6 tasses + couverts I Étendoir vaisselle Incl. porte-couverts & égouttoir I Matériau : métal I Couleur : Support vaisselle égouttoir en noir mat I Emballage : Support vaisselle evier sans plastique",001 INTERNATIONAL,https://m.media-amazon.com/images/I/61dWwuIBPUL._AC_SX679_.jpg
Pet products/Arachnid/Accessories,GHUIWERHG-42,LEBENLANG Seche Cheveux Ionique 2100W - Anti-fourches avec mode air froid & buse de styling I Gris | Sèche cheveux voyage pliable petit | Hair Dryer Sèche-cheveux Sechoir cheveux professionnel,0740625483528,"À propos de cet article
PLIABLE: Léger et se plie en un tour de main - le compagnon de voyage idéal qui offre le même confort en déplacement qu'à la maison.
ANTI-FRIZZ: La fonction ionique intégrée réduit l'électricité statique, assure une brillance incomparable et permet de sécher les cheveux plus rapidement.
PUISSANCE PLEINE: 2100W assurent un flux d'air puissant avec une chaleur constante - pas de brûlure des cheveux | Deux vitesses de soufflerie pour des résultats personnalisés.
BUSE DE STYLING: Flux d'air concentré pour un coiffage précis avec l'embout mobile à 360° | Filtre à air amovible - très facile à nettoyer.
MODE FROID: Le mode fixation pour un look longue durée.",001 INTERNATIONAL,https://m.media-amazon.com/images/I/719gvwZoNNL._AC_SX425_.jpg
Pet products/Arachnid/Accessories,GHUIWERHG-43,LEBENLANG Mousseur à lait électrique - 100% sans BPA & 4 modes & incl. fouet de rechange I 240ml Milk frother electric Mousseurs à lait automatiques I Emulsionneur & Chauffe a lait Mousseux electrique,0740625483535,"À propos de cet article
☕ BASE 360 GRADES & SANS BPA : Le nouveau rêve de mousseur à lait électrique 500W de LEBENLANG - Haute qualité, robuste & avec pot amovible ainsi que base 360° I Convient universellement à chaque cuisine grâce à son design chic & moderne
☕ COMMANDE ONE-TOUCH & 4 MODI : Différentes possibilités de réchauffer avec de la mousse, de faire mousser du lait froid ou de réchauffer du lait sans mousse - Répond à tous les souhaits de boissons qu'un mousseur de lait chauffant devrait offrir électroniquement
☕ AVEC FOUILLE DE REMPLACEMENT & FACILITE DE NETTOYAGE : Mousseur à lait electrique chauffantest livré avec une brosse à mousse supplémentaire gratuite - Ainsi, vous n'avez pas à vous soucier du remplacement si vous perdez la première brosse à mousse du pot à mousse électrique
☕ CAPACITÉ ÉLEVÉE & SUPER RAPIDE : Moins de 2 minutes pour obtenir le résultat souhaité ! Faites mousser jusqu'à 115 ml de lait et chauffez jusqu'à 240 ml de lait - si vous avez besoin de plus de tasses, un deuxième cycle peut être démarré immédiatement | Notre vainqueur absolu des tests machine mousse de lait de l'équipe Lebenlang
☕ RÉSULTAT SANS DÉFAUT : Lait traditionnel ou végétalien, chaud ou froid, café ou cacao - notre émulsionneur de lait est conçu pour fournir toujours le meilleur résultat - Convient comme bouilloire à lait & machine à cacao",001 INTERNATIONAL,https://m.media-amazon.com/images/I/71Vhqswl2cL._AC_SX679_.jpg
Pet products/Arachnid/Accessories,GHUIWERHG-44,LEBENLANG Presse agrume electrique - 2 cônes & sans BPA I Haut rendement en jus I 700ml presse agrumes electriques I Presse-agrumes de jus d'orange machine électriques Presseur fruits automatique,0740625483542,"À propos de cet article
🍊 PLUS DE JUS EN QUELQUES SECONDES - SANS FORCES : Le presse agrume electrique à double sens de rotation permet d'obtenir un maximum de jus pour chaque fruit - Il suffit d'appuyer légèrement et de savourer un jus frais en toute décontraction, sans aucune force musculaire
🍋 S'ADAPTE À TOUS LES FRUITS - NETTOYAGE FACILE : Presse citron electrique avec deux cônes de pressage de tailles différentes est idéal pour les oranges, les citrons, les citrons verts ou les pamplemousses - Grâce à ses pièces compatibles avec le lave-vaisselle, il est particulièrement facile à nettoyer
🍊 RÉSERVOIR DE JUS DE 700 ML - IDÉAL POUR LES CINGULIERS ET LES FAMILLES : Réservoir de jus grand et transparent (amovible) avec échelle de mesure, parfait pour plusieurs verres à la fois - Machine à jus d'orange 100% sans BPA et de qualité alimentaire pour un plaisir de jus sain
🍋 PULPE DE FRUITS ? UNIQUEMENT SI VOUS LE VOULEZ : Le système intelligent anti- pulpe du presse agrume electrique professionnel une grande partie de la pulpe directement sur le tamis - Un jus clair & un minimum de résidus, à ton goût
🍊 COMPACT, LÉGER & STABLE : Pressoir orange est prêt à l'emploi en quelques gestes seulement et est particulièrement stable lors du pressage grâce à ses pieds en caoutchouc antidérapants - Le design compact & léger de Orange Presser Machine permet de gagner de la place dans votre cuisine",001 INTERNATIONAL,https://m.media-amazon.com/images/I/81WLmANx-aL._AC_SX679_.jpg
Pet products/Arachnid/Accessories,GHUIWERHG-45,LEBENLANG Seche cheveux voyage pliable petit - 1000W & Double tension & Sac de voyage avec buse de coiffage inclus I Sèche cheveux ionique Hair dryer I Mini sechoir cheveux Séche cheveux leger,0740625483559,"À propos de cet article
✅ UTILISABLE DANS LE MONDE ENTIER : Seche cheveux de voyage avec conversion de tension double (120/220V) et 2 niveaux de puissance garantissant des cheveux secs et doux, que vous voyagiez en Amérique, en Europe ou en Asie - Aussi parfait pour la maison et le camping I Longueur du câble 1,8 mètre
✅ COMPACT, PLIABLE ET SILENCIEUX : Seche cheveux ionique de voyage avec poignée pliable et design compact qui se range facilement dans n'importe quelle valise - Fixation facile grâce à une boucle de maintien sur la poignée, idéal après la douche à la piscine ou au gymnase
✅ ACCESSOIRES INCLUS : Le Sèche cheveux voyage LEBENLANG est livré avec une pochette de voyage pour un rangement pratique et une buse de coiffage pour un stylisme précis - Un compagnon de voyage fiable, que ce soit comme mini Seche cheveux pour boucles, pour femmes ou pour hommes
✅ COULEURS MODERNES : Séchoir cheveux de voyage disponible en noir/argent et blanc/or avec un élégant design à facettes de diamant - Très agréable à tenir en main avec un poids de seulement 400g
✅ CARACTÉRISTIQUES : 1000W ECO-Power I Dimensions : 17x6,6x22cm I Poids : 400g (Très léger) I Tension : 110V / 220V I Couleur : Blanc/Or I Accessoires : Pochette de voyage & Buse de coiffage I Convient pour : Cheveux bouclés, Seche cheveux multifonction pour femmes et hommes, cheveux normaux I Blow dryer économique, petit et léger",001 INTERNATIONAL,https://m.media-amazon.com/images/I/71ZgwxzUbLL._AC_SX679_.jpg
Pet products/Arachnid/Accessories,GHUIWERHG-46,LEBENLANG Défroisseur vapeur Compact pliable & voyage - Fer à repasser à vapeur pour défroisser Repassage en vacances,0740625483566,"À propos de cet article
Accessoires de voyage inclus : repassage plus facile que jamais dans le pack complet - Travel Steamer for Clothes Avec gant à repasser pour un repassage sûr & un crochet pliable et un sac de voyage pour un rangement sûr
Design pliable : fer à repasser compact idéal pour les déplacements grâce à la poignée pliable – Défroisseur de vêtements optimal pour les vacances, les voyages d'affaires ou le steamen rapide au bureau – Pas de planche à repasser nécessaire
Semelle de repassage innovante : vapeur à vêtements avec répartition précise de la vapeur pour les vêtements les plus lisses grâce à la semelle optimisée avec sortie de précision - Défroisseur de voyage portable adapté à une variété de tissus, que ce soit en molle, soie, laine, lin, etc. Sans taches d'eau ni traces de brûlure
Capacité mobile : fer à repasser portable de 900 W avec temps de chauffe rapide < 25 secondes & réservoir d'eau compact de 120 ml – En outre, il est particulièrement facile à utiliser et à remplir grâce à la technologie à un bouton
Hygiénique à tout moment et partout : le défroisseur vapeur sans fil rafraîchit et lisse vos vêtements en un tour de main et élimine 99,9 % des germes et bactéries pour une sensation sûre et agréable sur la peau - Repassage et machine à repasser idéaux",001 INTERNATIONAL,https://m.media-amazon.com/images/I/71qNCYARMIL._AC_SX679_.jpg
Pet products/Arachnid/Accessories,GHUIWERHG-47,LEBENLANG Presse-agrumes Électrique - 800ml & Tamis Réglable I Presse Agrume Electrique Juicer Machine Presse Orange Presse-agrumes Presse Orange Electriques Électriques Juicer Machine a Jus d'Orange,0740625483573,"À propos de cet article
🍊 RENDEMENT SUPÉRIEUR : Presse agrumes électriques avec rendement exceptionnel grâce à la technique de pressage à 2 cônes. Flexibilité avec un tamis à pulpe réglable - Gagnant des tests LEBENLANG en tant que machine jus d'orange
🍋 DOUBLE ROTATION & GRAND RÉCIPIENT : Presse jus d'orange avec extraction maximale grâce à une technologie de pressage optimisée. Confort avec le récipient de 800 ml du juice maker, idéal pour presser plusieurs fruits de citron
🍊 SAIN & SÛR : Presse fruits électrique 100% SANS BPA et conforme aux normes de sécurité. Utilisation sûre pour votre presseur de jus, plus sécurisée que d'autres presse citron electrique
🍋 NETTOYAGE FACILE : La machine à jus d'orange, à l'exception de l'unité moteur, est facile à nettoyer. Les pièces sont lavables au lave-vaisselle, offrant un gain de temps et un confort optimal
🍊 DESIGN COMPACT : Presse orange automatique au design moderne. Taille idéale pour toute cuisine, facile à ranger sans gaspiller d'espace. Choix d'un noir élégant au lieu de couleurs traditionnelles, faisant de cette presseur orange electrique et citrus juicer un choix stylé",001 INTERNATIONAL,https://m.media-amazon.com/images/I/81e5vXQkZUL._AC_SX679_.jpg
